"","PA1","PA2"
"a1",0.684696473315568,-0.336939739231395
"a3",0.686781782297567,-0.36296521587115
"a6",0.762612185434184,-0.258081472565638
"c1",0.622889210202291,0.475513278948461
"c3",0.454774248627748,0.39378767463004
"c6",0.530059563890838,0.380181500282891
